alternation	disjoint
alternation	independent
reverseentailment	reverseentailment
disjoint	disjoint
disjoint	disjoint
reverseentailment	synonym
reverseentailment	reverseentailment
disjoint	reverseentailment
disjoint	forwardentailment
reverseentailment	reverseentailment
reverseentailment	reverseentailment
disjoint	disjoint
synonym	synonym
disjoint	forwardentailment
disjoint	forwardentailment
reverseentailment	synonym
alternation	synonym
alternation	reverseentailment
disjoint	forwardentailment
reverseentailment	reverseentailment
disjoint	synonym
disjoint	forwardentailment
alternation	alternation
disjoint	forwardentailment
forwardentailment	forwardentailment
disjoint	forwardentailment
disjoint	disjoint
disjoint	forwardentailment
disjoint	disjoint
alternation	reverseentailment
independent	forwardentailment
disjoint	disjoint
synonym	synonym
disjoint	reverseentailment
disjoint	disjoint
disjoint	independent
independent	disjoint
synonym	synonym
independent	disjoint
disjoint	disjoint
independent	disjoint
disjoint	forwardentailment
disjoint	synonym
disjoint	forwardentailment
independent	disjoint
forwardentailment	synonym
independent	forwardentailment
disjoint	reverseentailment
disjoint	forwardentailment
independent	synonym
disjoint	disjoint
disjoint	disjoint
forwardentailment	forwardentailment
independent	synonym
alternation	reverseentailment
disjoint	reverseentailment
alternation	independent
forwardentailment	synonym
forwardentailment	synonym
forwardentailment	synonym
disjoint	synonym
disjoint	synonym
disjoint	synonym
forwardentailment	synonym
forwardentailment	synonym
disjoint	synonym
forwardentailment	reverseentailment
disjoint	reverseentailment
alternation	independent
forwardentailment	forwardentailment
forwardentailment	forwardentailment
independent	forwardentailment
independent	synonym
disjoint	reverseentailment
disjoint	synonym
independent	forwardentailment
disjoint	disjoint
disjoint	disjoint
independent	disjoint
disjoint	disjoint
disjoint	disjoint
disjoint	synonym
independent	synonym
disjoint	reverseentailment
synonym	synonym
disjoint	forwardentailment
independent	disjoint
disjoint	disjoint
disjoint	disjoint
disjoint	reverseentailment
disjoint	reverseentailment
reverseentailment	reverseentailment
disjoint	reverseentailment
reverseentailment	reverseentailment
reverseentailment	reverseentailment
reverseentailment	disjoint
independent	reverseentailment
independent	disjoint
independent	disjoint
independent	synonym
forwardentailment	forwardentailment
independent	forwardentailment
independent	forwardentailment
reverseentailment	synonym
reverseentailment	reverseentailment
forwardentailment	synonym
independent	forwardentailment
alternation	reverseentailment
disjoint	reverseentailment
disjoint	reverseentailment
reverseentailment	synonym
independent	disjoint
disjoint	reverseentailment
alternation	synonym
forwardentailment	forwardentailment
reverseentailment	synonym
independent	reverseentailment
disjoint	reverseentailment
alternation	disjoint
independent	synonym
forwardentailment	synonym
reverseentailment	synonym
reverseentailment	reverseentailment
reverseentailment	reverseentailment
reverseentailment	synonym
reverseentailment	synonym
disjoint	forwardentailment
disjoint	disjoint
independent	disjoint
disjoint	forwardentailment
synonym	synonym
alternation	forwardentailment
independent	disjoint
reverseentailment	synonym
forwardentailment	forwardentailment
alternation	disjoint
alternation	disjoint
forwardentailment	synonym
forwardentailment	synonym
reverseentailment	synonym
alternation	alternation
disjoint	forwardentailment
forwardentailment	reverseentailment
independent	reverseentailment
independent	synonym
independent	synonym
forwardentailment	disjoint
alternation	forwardentailment
alternation	synonym
alternation	disjoint
reverseentailment	synonym
disjoint	reverseentailment
disjoint	reverseentailment
independent	forwardentailment
independent	reverseentailment
independent	reverseentailment
disjoint	disjoint
independent	synonym
disjoint	forwardentailment
disjoint	reverseentailment
reverseentailment	synonym
disjoint	reverseentailment
synonym	synonym
forwardentailment	forwardentailment
independent	disjoint
independent	reverseentailment
independent	disjoint
independent	synonym
disjoint	alternation
disjoint	independent
independent	synonym
independent	synonym
independent	synonym
disjoint	forwardentailment
forwardentailment	synonym
disjoint	reverseentailment
independent	reverseentailment
forwardentailment	forwardentailment
forwardentailment	forwardentailment
disjoint	synonym
independent	reverseentailment
alternation	alternation
disjoint	independent
disjoint	alternation
forwardentailment	disjoint
alternation	reverseentailment
forwardentailment	synonym
disjoint	forwardentailment
disjoint	forwardentailment
reverseentailment	synonym
independent	reverseentailment
reverseentailment	reverseentailment
forwardentailment	synonym
disjoint	synonym
alternation	reverseentailment
disjoint	independent
disjoint	independent
disjoint	synonym
forwardentailment	synonym
independent	disjoint
forwardentailment	forwardentailment
disjoint	forwardentailment
independent	disjoint
reverseentailment	synonym
forwardentailment	synonym
forwardentailment	forwardentailment
forwardentailment	forwardentailment
alternation	forwardentailment
reverseentailment	synonym
reverseentailment	reverseentailment
disjoint	forwardentailment
alternation	reverseentailment
alternation	synonym
disjoint	forwardentailment
synonym	synonym
alternation	reverseentailment
reverseentailment	disjoint
disjoint	forwardentailment
disjoint	forwardentailment
independent	synonym
forwardentailment	synonym
independent	reverseentailment
forwardentailment	reverseentailment
independent	disjoint
forwardentailment	forwardentailment
disjoint	forwardentailment
disjoint	disjoint
independent	reverseentailment
independent	synonym
disjoint	forwardentailment
disjoint	forwardentailment
reverseentailment	synonym
alternation	reverseentailment
disjoint	reverseentailment
disjoint	reverseentailment
disjoint	disjoint
forwardentailment	synonym
independent	reverseentailment
forwardentailment	forwardentailment
reverseentailment	synonym
reverseentailment	synonym
forwardentailment	forwardentailment
forwardentailment	forwardentailment
alternation	forwardentailment
disjoint	disjoint
reverseentailment	reverseentailment
independent	disjoint
reverseentailment	reverseentailment
reverseentailment	synonym
reverseentailment	reverseentailment
reverseentailment	reverseentailment
independent	synonym
forwardentailment	synonym
reverseentailment	reverseentailment
synonym	synonym
synonym	synonym
disjoint	synonym
synonym	synonym
independent	synonym
disjoint	synonym
synonym	synonym
disjoint	reverseentailment
disjoint	synonym
alternation	disjoint
reverseentailment	synonym
reverseentailment	reverseentailment
independent	reverseentailment
disjoint	disjoint
independent	synonym
disjoint	forwardentailment
disjoint	reverseentailment
disjoint	forwardentailment
independent	forwardentailment
disjoint	forwardentailment
disjoint	forwardentailment
forwardentailment	synonym
independent	reverseentailment
independent	disjoint
disjoint	disjoint
independent	disjoint
alternation	disjoint
reverseentailment	synonym
reverseentailment	reverseentailment
disjoint	disjoint
independent	disjoint
independent	forwardentailment
disjoint	disjoint
synonym	synonym
alternation	disjoint
disjoint	forwardentailment
independent	synonym
independent	synonym
forwardentailment	forwardentailment
disjoint	synonym
forwardentailment	disjoint
independent	forwardentailment
independent	forwardentailment
independent	forwardentailment
independent	synonym
