alternation	alternation
alternation	alternation
reverseentailment	reverseentailment
disjoint	synonym
disjoint	synonym
reverseentailment	synonym
reverseentailment	reverseentailment
disjoint	reverseentailment
disjoint	forwardentailment
reverseentailment	reverseentailment
reverseentailment	reverseentailment
disjoint	independent
synonym	synonym
disjoint	forwardentailment
disjoint	synonym
reverseentailment	synonym
alternation	synonym
alternation	independent
disjoint	synonym
reverseentailment	reverseentailment
disjoint	independent
disjoint	synonym
alternation	alternation
disjoint	forwardentailment
forwardentailment	forwardentailment
disjoint	forwardentailment
disjoint	synonym
disjoint	forwardentailment
disjoint	synonym
alternation	alternation
independent	forwardentailment
disjoint	alternation
synonym	synonym
disjoint	independent
disjoint	alternation
disjoint	alternation
independent	forwardentailment
synonym	synonym
independent	forwardentailment
disjoint	independent
independent	forwardentailment
disjoint	independent
disjoint	synonym
disjoint	synonym
independent	synonym
forwardentailment	forwardentailment
independent	forwardentailment
disjoint	synonym
disjoint	forwardentailment
independent	reverseentailment
disjoint	reverseentailment
disjoint	disjoint
forwardentailment	forwardentailment
independent	synonym
alternation	independent
disjoint	independent
alternation	alternation
forwardentailment	synonym
forwardentailment	synonym
forwardentailment	synonym
disjoint	synonym
disjoint	synonym
disjoint	reverseentailment
forwardentailment	synonym
forwardentailment	forwardentailment
disjoint	disjoint
forwardentailment	reverseentailment
disjoint	reverseentailment
alternation	alternation
forwardentailment	forwardentailment
forwardentailment	forwardentailment
independent	synonym
independent	synonym
disjoint	disjoint
disjoint	forwardentailment
independent	synonym
disjoint	alternation
disjoint	reverseentailment
independent	independent
disjoint	forwardentailment
disjoint	disjoint
disjoint	synonym
independent	forwardentailment
disjoint	disjoint
synonym	synonym
disjoint	forwardentailment
independent	reverseentailment
disjoint	disjoint
disjoint	independent
disjoint	independent
disjoint	independent
reverseentailment	reverseentailment
disjoint	reverseentailment
reverseentailment	reverseentailment
reverseentailment	reverseentailment
reverseentailment	reverseentailment
independent	reverseentailment
independent	disjoint
independent	reverseentailment
independent	synonym
forwardentailment	forwardentailment
independent	forwardentailment
independent	forwardentailment
reverseentailment	synonym
reverseentailment	reverseentailment
forwardentailment	reverseentailment
independent	forwardentailment
alternation	independent
disjoint	independent
disjoint	synonym
reverseentailment	synonym
independent	reverseentailment
disjoint	disjoint
alternation	synonym
forwardentailment	forwardentailment
reverseentailment	synonym
independent	synonym
disjoint	synonym
alternation	synonym
independent	synonym
forwardentailment	synonym
reverseentailment	reverseentailment
reverseentailment	reverseentailment
reverseentailment	reverseentailment
reverseentailment	reverseentailment
reverseentailment	reverseentailment
disjoint	alternation
disjoint	reverseentailment
independent	forwardentailment
disjoint	forwardentailment
synonym	synonym
alternation	synonym
independent	reverseentailment
reverseentailment	synonym
forwardentailment	synonym
alternation	forwardentailment
alternation	alternation
forwardentailment	synonym
forwardentailment	forwardentailment
reverseentailment	synonym
alternation	alternation
disjoint	independent
forwardentailment	synonym
independent	synonym
independent	synonym
independent	synonym
forwardentailment	reverseentailment
alternation	independent
alternation	synonym
alternation	forwardentailment
reverseentailment	synonym
disjoint	alternation
disjoint	independent
independent	synonym
independent	synonym
independent	synonym
disjoint	disjoint
independent	synonym
disjoint	synonym
disjoint	reverseentailment
reverseentailment	reverseentailment
disjoint	synonym
synonym	synonym
forwardentailment	synonym
independent	independent
independent	synonym
independent	synonym
independent	reverseentailment
disjoint	alternation
disjoint	alternation
independent	synonym
independent	synonym
independent	synonym
disjoint	reverseentailment
forwardentailment	synonym
disjoint	alternation
independent	independent
forwardentailment	forwardentailment
forwardentailment	forwardentailment
disjoint	synonym
independent	reverseentailment
alternation	alternation
disjoint	alternation
disjoint	alternation
forwardentailment	synonym
alternation	synonym
forwardentailment	independent
disjoint	forwardentailment
disjoint	forwardentailment
reverseentailment	synonym
independent	reverseentailment
reverseentailment	reverseentailment
forwardentailment	synonym
disjoint	synonym
alternation	alternation
disjoint	alternation
disjoint	alternation
disjoint	synonym
forwardentailment	synonym
independent	forwardentailment
forwardentailment	independent
disjoint	forwardentailment
independent	forwardentailment
reverseentailment	synonym
forwardentailment	synonym
forwardentailment	forwardentailment
forwardentailment	forwardentailment
alternation	forwardentailment
reverseentailment	synonym
reverseentailment	synonym
disjoint	independent
alternation	independent
alternation	synonym
disjoint	independent
synonym	synonym
alternation	alternation
reverseentailment	synonym
disjoint	synonym
disjoint	alternation
independent	synonym
forwardentailment	forwardentailment
independent	disjoint
forwardentailment	synonym
independent	forwardentailment
forwardentailment	forwardentailment
disjoint	forwardentailment
disjoint	synonym
independent	synonym
independent	synonym
disjoint	reverseentailment
disjoint	forwardentailment
reverseentailment	reverseentailment
alternation	alternation
disjoint	alternation
disjoint	synonym
disjoint	forwardentailment
forwardentailment	forwardentailment
independent	reverseentailment
forwardentailment	forwardentailment
reverseentailment	synonym
reverseentailment	synonym
forwardentailment	forwardentailment
forwardentailment	forwardentailment
alternation	independent
disjoint	forwardentailment
reverseentailment	reverseentailment
independent	disjoint
reverseentailment	reverseentailment
reverseentailment	synonym
reverseentailment	reverseentailment
reverseentailment	reverseentailment
independent	synonym
forwardentailment	synonym
reverseentailment	reverseentailment
synonym	synonym
synonym	synonym
disjoint	synonym
synonym	synonym
independent	synonym
disjoint	reverseentailment
synonym	synonym
disjoint	independent
disjoint	independent
alternation	alternation
reverseentailment	synonym
reverseentailment	synonym
independent	synonym
disjoint	alternation
independent	synonym
disjoint	disjoint
disjoint	synonym
disjoint	synonym
independent	synonym
disjoint	alternation
disjoint	independent
forwardentailment	synonym
independent	forwardentailment
independent	forwardentailment
disjoint	synonym
independent	synonym
alternation	forwardentailment
reverseentailment	synonym
reverseentailment	reverseentailment
disjoint	synonym
independent	independent
independent	forwardentailment
disjoint	forwardentailment
synonym	synonym
alternation	synonym
disjoint	alternation
independent	synonym
independent	synonym
forwardentailment	forwardentailment
disjoint	synonym
forwardentailment	forwardentailment
independent	synonym
independent	forwardentailment
independent	forwardentailment
independent	synonym
